[
    {
        "matricula": "zcbzbc",
        "modelo": "LOLAMN",
        "marca": "Acura\r\n",
        "potencia": "351",
        "velocidadMax": "234",
        "imagen": "img\/zcbzbc_hola.PNG"
    },
    {
        "matricula": "eqhqehqe",
        "modelo": "LOLAMN",
        "marca": "Acura\r\n",
        "potencia": "351",
        "velocidadMax": "234",
        "imagen": "img\/zcbzbc_hola.PNG"
    },
    {
        "matricula": "hqehqeqhzdh",
        "modelo": "LOLAMN",
        "marca": "Acura\r\n",
        "potencia": "351",
        "velocidadMax": "234",
        "imagen": "img\/zcbzbc_hola.PNG"
    },
    {
        "matricula": "dzhzddhzdh",
        "modelo": "LOLAMN",
        "marca": "Acura\r\n",
        "potencia": "351",
        "velocidadMax": "234",
        "imagen": "img\/zcbzbc_hola.PNG"
    },
    {
        "matricula": "bezbezbez",
        "modelo": "LOLAMN",
        "marca": "Acura\r\n",
        "potencia": "351",
        "velocidadMax": "234",
        "imagen": "img\/zcbzbc_hola.PNG"
    }
]